PlateID,LineID,Gene,Mutation,Media,CellsPerWell,WellsPlated,WellsGrown,WellsCensored
1-1,1,CSF2RB,WT,WEHI,1,96,54,0
1-2,1,CSF2RB,WT,WEHI,1,96,53,0
1-3,1,CSF2RB,WT,6-TG,1000,96,1,0
1-4,1,CSF2RB,WT,6-TG,1000,96,4,0
1-5,1,CSF2RB,WT,6-TG,5000,96,10,0
1-6,1,CSF2RB,WT,6-TG,5000,96,8,0
2-1,2,CSF2RB,R461C,WEHI,1,96,57,0
2-2,2,CSF2RB,R461C,WEHI,1,96,55,0
2-3,2,CSF2RB,R461C,6-TG,1000,96,0,0
2-4,2,CSF2RB,R461C,6-TG,1000,96,0,0
2-5,2,CSF2RB,R461C,6-TG,5000,96,0,0
2-6,2,CSF2RB,R461C,6-TG,5000,96,0,0
8-1,8,Vector,Empty,WEHI,1,96,48,0
8-2,8,Vector,Empty,WEHI,1,96,57,0
8-3,8,Vector,Empty,6-TG,1000,96,0,0
8-4,8,Vector,Empty,6-TG,1000,96,0,0
8-5,8,Vector,Empty,6-TG,5000,96,2,0
8-6,8,Vector,Empty,6-TG,5000,96,3,0
9-1,9,BCR-ABL,Fusion,WEHI,1,96,52,0
9-2,9,BCR-ABL,Fusion,WEHI,1,96,61,0
9-3,9,BCR-ABL,Fusion,6-TG,1000,96,3,0
9-4,9,BCR-ABL,Fusion,6-TG,1000,96,0,0
9-5,9,BCR-ABL,Fusion,6-TG,5000,96,0,0
9-6,9,BCR-ABL,Fusion,6-TG,5000,96,6,0
10-1,10,ENU,PosControl,WEHI,1,96,52,0
10-2,10,ENU,PosControl,WEHI,1,96,62,0
10-3,10,ENU,PosControl,6-TG,1000,96,15,0
10-4,10,ENU,PosControl,6-TG,1000,96,14,0
10-5,10,ENU,PosControl,6-TG,5000,96,42,0
10-6,10,ENU,PosControl,6-TG,5000,96,47,0
11-1,11,NonTx,NegControl,WEHI,1,96,51,0
11-2,11,NonTx,NegControl,WEHI,1,96,54,0
11-3,11,NonTx,NegControl,6-TG,1000,96,0,0
11-4,11,NonTx,NegControl,6-TG,1000,96,1,0
11-5,11,NonTx,NegControl,6-TG,5000,96,8,0
11-6,11,NonTx,NegControl,6-TG,5000,96,0,0
12-1,12,CSF2RB,WT,WEHI,1,96,57,0
12-2,12,CSF2RB,WT,WEHI,1,96,49,0
12-3,12,CSF2RB,WT,6-TG,1000,96,2,0
12-4,12,CSF2RB,WT,6-TG,1000,96,4,0
12-5,12,CSF2RB,WT,6-TG,5000,96,9,0
12-6,12,CSF2RB,WT,6-TG,5000,96,5,0
13-1,13,CSF2RB,R461C,WEHI,1,96,63,0
13-2,13,CSF2RB,R461C,WEHI,1,96,58,0
13-3,13,CSF2RB,R461C,6-TG,1000,96,0,0
13-4,13,CSF2RB,R461C,6-TG,1000,96,0,0
13-5,13,CSF2RB,R461C,6-TG,5000,96,1,0
13-6,13,CSF2RB,R461C,6-TG,5000,96,2,0
14-1,14,Vector,Empty,WEHI,1,96,46,0
14-2,14,Vector,Empty,WEHI,1,96,47,0
14-3,14,Vector,Empty,6-TG,1000,96,0,0
14-4,14,Vector,Empty,6-TG,1000,96,1,0
14-5,14,Vector,Empty,6-TG,5000,96,9,0
14-6,14,Vector,Empty,6-TG,5000,96,6,0
15-1,15,BCR-ABL,Fusion,WEHI,1,96,58,0
15-2,15,BCR-ABL,Fusion,WEHI,1,96,60,0
15-3,15,BCR-ABL,Fusion,6-TG,1000,96,0,0
15-4,15,BCR-ABL,Fusion,6-TG,1000,96,0,0
15-5,15,BCR-ABL,Fusion,6-TG,5000,96,4,0
15-6,15,BCR-ABL,Fusion,6-TG,5000,96,2,0
16-1,16,ENU,PosControl,WEHI,1,96,60,0
16-2,16,ENU,PosControl,WEHI,1,96,53,0
16-3,16,ENU,PosControl,6-TG,1000,96,34,0
16-4,16,ENU,PosControl,6-TG,1000,96,25,0
16-5,16,ENU,PosControl,6-TG,5000,96,68,0
16-6,16,ENU,PosControl,6-TG,5000,96,69,0
17-1,17,NonTx,NegControl,WEHI,1,96,62,0
17-2,17,NonTx,NegControl,WEHI,1,96,46,0
17-3,17,NonTx,NegControl,6-TG,1000,96,2,0
17-4,17,NonTx,NegControl,6-TG,1000,96,2,0
17-5,17,NonTx,NegControl,6-TG,5000,96,6,0
17-6,17,NonTx,NegControl,6-TG,5000,96,6,0
